Home_Value,Square_Footage,Property_Age,Distance_to_Transit,School_District_Rating
329705.74,1941.0,5.5,6.45,Excellent
183343.63,1364.3,35.2,2.15,Average
354551.73,2386.9,52.4,0.75,Good
325773.17,2192.1,50.2,5.25,Excellent
359743.12,3069.8,66.5,12.69,Excellent
381678.41,2378.9,35.9,7.76,Poor
206608.05,1702.1,38.5,6.29,Good
152588.09,1242.3,36.6,7.78,Poor
364536.13,2568.1,22.3,11.38,Excellent
352447.52,2009.4,6.3,0.17,Poor
324018.26,2155.6,32.6,11.33,Good
317875.07,1834.8,58.5,5.46,Average
223159.94,1000.1,74.5,11.42,Poor
424342.4,2744.9,45.9,4.67,Poor
361271.76,2489.8,35.4,13.5,Excellent
365420.85,2333.1,39.3,10.09,Average
446038.69,2598.4,1.5,3.41,Excellent
145388.81,1452.5,79.3,2.96,Average
370918.7,3381.3,31.8,13.34,Poor
313945.27,2008.8,41.7,1.46,Poor
321403.36,2415.9,48.0,7.92,Good
390670.08,2647.7,38.3,6.64,Poor
167663.46,565.1,79.5,4.87,Excellent
486497.65,3205.2,18.8,10.51,Excellent
280707.86,2233.7,74.2,10.8,Average
186154.17,1180.5,2.9,3.44,Good
324970.87,1983.2,57.7,7.9,Poor
471031.2,3837.9,16.3,7.84,Average
309293.7,2056.7,19.0,1.29,Poor
182803.29,1345.6,20.3,14.74,Average
312523.0,2101.1,64.3,9.13,Excellent
337146.37,2431.2,48.1,6.18,Average
241169.85,1827.8,20.2,12.63,Good
274472.81,1838.2,5.5,3.15,Poor
443048.01,2908.6,39.8,1.2,Average
458182.79,2700.2,38.1,0.83,Good
263200.99,2196.5,46.6,3.15,Excellent
288380.7,2158.6,24.3,6.85,Poor
318214.08,2287.8,63.7,10.2,Average
301818.65,1940.0,37.3,6.08,Average
342909.85,2193.9,67.7,4.64,Good
319447.72,2281.9,5.9,8.23,Good
476359.19,3086.1,37.2,1.28,Poor
251071.45,1500.1,29.1,1.0,Poor
379527.5,2764.0,41.8,11.25,Excellent
461973.81,3203.7,49.9,8.92,Good
246948.83,1685.9,22.1,11.18,Good
340661.75,2311.6,21.7,7.16,Excellent
257353.47,2351.1,76.5,0.94,Good
295995.37,2102.7,11.2,8.94,Excellent
288160.45,1913.0,56.7,4.31,Excellent
204137.86,1600.2,43.0,13.72,Poor
160278.65,872.8,59.8,9.08,Excellent
395970.91,2544.5,16.9,1.19,Excellent
21652.58,236.5,6.6,12.46,Excellent
350785.3,2505.8,10.1,7.52,Good
349274.22,2748.9,36.1,5.7,Poor
248329.87,1580.2,77.5,5.93,Good
473136.95,2537.7,24.4,2.59,Average
405706.76,2629.0,48.0,3.3,Excellent
435536.62,2629.7,9.7,1.92,Average
326074.35,1933.3,37.1,12.4,Good
332693.35,2410.2,41.4,0.64,Good
361346.07,2321.5,40.5,3.69,Good
219248.46,1715.4,57.7,2.71,Poor
205816.49,1884.1,21.1,5.8,Good
338276.71,2589.6,16.9,0.78,Poor
267302.01,1875.9,33.1,12.23,Good
302152.85,2470.4,73.9,7.56,Excellent
310053.65,2256.8,47.9,13.7,Excellent
213245.74,2059.5,69.6,8.92,Poor
305939.17,2268.8,21.1,4.28,Good
356932.89,2404.7,52.2,0.96,Excellent
360106.32,2243.4,0.6,11.05,Good
333929.01,2309.9,76.1,11.9,Good
364969.93,2615.3,33.0,0.9,Excellent
238318.81,2101.7,76.3,7.08,Good
309175.11,2329.2,56.2,14.99,Excellent
309301.8,2086.7,73.8,7.87,Poor
344118.84,2449.4,40.4,13.79,Average
241710.28,2132.9,58.6,12.96,Poor
440557.7,2633.7,0.1,10.74,Average
426921.25,2870.6,1.9,5.28,Excellent
150680.67,1368.2,21.9,2.24,Average
412705.59,3043.9,1.5,6.62,Excellent
367135.89,2915.6,78.2,8.98,Poor
279676.41,1737.3,40.4,3.43,Excellent
493709.94,3642.0,41.6,8.22,Average
329877.57,2344.6,15.9,0.43,Excellent
307224.57,2518.8,58.3,5.18,Poor
460597.34,3226.1,38.8,11.36,Excellent
262859.81,1826.6,37.8,10.39,Average
176788.99,1538.6,22.6,7.46,Average
266520.61,2006.7,68.7,12.69,Poor
314427.37,2307.8,33.2,0.76,Excellent
292676.34,2439.1,10.6,9.3,Good
325926.43,2625.8,13.8,13.47,Excellent
372059.97,3222.6,17.8,9.01,Good
338946.12,1736.9,8.9,14.88,Excellent
232686.31,1474.6,21.4,13.38,Excellent
389392.54,2392.1,33.0,9.28,Average
270433.94,2186.7,26.3,5.37,Poor
358831.25,2158.5,1.5,1.1,Good
118872.43,1382.6,58.5,6.12,Poor
394326.17,2605.0,8.4,0.3,Poor
398163.92,2594.4,22.6,3.73,Good
290713.58,2030.3,39.7,1.13,Poor
504854.53,3831.9,42.5,12.5,Average
209434.43,1489.6,65.8,0.85,Poor
341660.42,2814.3,30.3,0.5,Poor
350413.74,1854.4,0.6,8.4,Good
262893.69,1687.4,67.5,13.84,Average
213710.29,1498.4,32.1,12.24,Average
426099.9,2820.2,17.9,8.71,Excellent
294727.66,1836.4,52.8,14.08,Poor
270022.2,1910.5,50.4,14.37,Poor
233002.24,1958.8,71.0,5.88,Poor
331423.03,2458.4,36.4,5.27,Poor
334694.33,2908.2,44.0,9.67,Good
363071.66,2415.5,13.5,3.85,Poor
490266.94,2973.5,1.7,13.67,Poor
368296.0,3034.6,48.8,3.22,Poor
220210.54,1969.0,65.1,14.07,Good
318518.99,2424.6,79.1,5.2,Good
336766.62,2766.5,64.7,2.01,Excellent
337259.29,2682.2,33.5,1.89,Poor
361915.79,2309.2,57.5,13.1,Poor
424111.92,3184.2,41.8,7.62,Good
309740.95,2104.9,14.8,2.84,Average
330192.64,2118.7,23.0,9.06,Excellent
385028.39,2466.8,58.5,9.78,Good
350581.19,2153.1,9.6,4.75,Poor
231012.37,1653.1,48.0,0.73,Average
433496.58,2909.3,40.3,0.35,Average
377120.32,2278.2,12.2,11.79,Average
448707.62,2843.8,8.9,3.33,Excellent
419756.49,2977.3,3.1,2.25,Poor
261247.49,1539.6,25.9,4.42,Average
341132.67,2604.7,75.1,13.35,Poor
349830.35,1983.9,8.4,10.17,Average
298327.07,2430.8,48.6,9.73,Good
384173.5,2649.2,5.2,14.09,Poor
260977.49,1849.1,58.5,13.62,Average
233191.61,1695.0,61.4,12.13,Excellent
330512.41,2281.0,57.4,8.31,Average
280542.68,2091.9,0.1,13.88,Average
343524.04,1971.8,41.6,9.54,Excellent
417971.57,2477.2,35.1,13.42,Average
352412.25,2186.4,32.2,1.29,Good
392821.96,2566.2,67.0,1.28,Good
365166.77,2660.2,7.3,11.94,Good
348697.95,1868.2,12.5,8.62,Average
248365.15,1964.0,77.8,1.57,Good
343798.88,2459.2,72.2,7.05,Excellent
284628.85,2416.7,74.3,4.55,Good
295829.22,2375.2,77.8,7.65,Good
455919.93,3138.1,23.2,8.84,Poor
448795.53,3176.6,34.0,10.52,Good
217164.99,1292.5,15.1,11.42,Poor
379556.82,2298.2,1.3,5.95,Average
372141.32,2134.7,40.6,7.37,Good
317745.82,1685.2,12.2,8.32,Good
240001.43,1314.5,18.3,12.49,Good
219775.9,952.2,17.1,3.82,Poor
322181.06,2084.1,39.5,8.39,Excellent
324309.45,1975.9,14.1,6.71,Poor
308033.31,2374.9,79.9,4.71,Poor
300293.29,2064.7,34.6,0.55,Average
392415.95,2685.9,62.9,4.89,Good
389595.93,2901.4,78.5,1.06,Poor
345525.4,1816.4,10.2,12.93,Excellent
263407.0,1901.1,68.6,2.28,Average
405210.48,3008.7,75.2,1.25,Good
323738.78,1718.9,67.2,11.1,Average
443697.06,3240.5,3.4,7.25,Average
440796.85,3453.1,44.9,1.29,Average
197844.3,2023.2,73.8,4.1,Excellent
319690.8,2289.7,70.5,12.1,Excellent
293982.13,2466.1,58.7,1.61,Average
165371.16,1483.4,65.9,7.67,Good
476722.85,3449.2,20.1,0.5,Excellent
174192.9,955.6,41.3,5.34,Average
322304.15,2194.8,1.9,2.22,Good
351614.88,2009.0,37.3,2.39,Average
584770.65,3418.7,2.0,1.63,Poor
307876.21,2274.9,50.8,1.47,Average
123171.71,1360.1,74.2,1.32,Excellent
400743.65,2536.7,43.8,6.52,Average
381186.49,2406.7,52.6,1.84,Poor
412808.14,2994.8,6.5,13.01,Good
226070.62,1177.8,60.4,8.21,Average
347323.91,2812.7,73.4,4.12,Good
511959.49,2864.9,27.8,5.42,Poor
379450.52,1825.5,16.7,1.29,Poor
163094.54,1662.6,58.9,7.65,Poor
309953.44,1827.4,54.2,5.38,Excellent
244028.48,2858.6,46.6,10.57,Average
293977.03,2699.4,47.9,5.4,Average
307038.04,1927.0,37.4,14.65,Poor
344800.49,2742.5,77.3,14.39,Excellent
413737.79,2983.7,54.5,10.84,Good
261605.0,2027.0,78.8,8.49,Poor
403198.23,2919.7,11.3,2.63,Good
274970.44,1966.7,4.8,1.2,Average
331419.27,1994.4,0.8,5.35,Good
341480.92,2127.4,11.0,3.4,Excellent
349165.99,2384.0,67.4,12.74,Good
139783.76,968.9,49.8,9.02,Good
239876.16,1569.4,25.3,11.85,Poor
134166.96,796.7,8.5,2.03,Poor
263374.05,2582.4,77.2,3.11,Excellent
360448.35,2959.6,77.2,3.78,Poor
406658.57,3076.0,66.2,14.16,Average
163945.19,1022.8,22.0,13.83,Poor
293847.45,2231.7,77.9,9.5,Average
237214.66,1489.4,48.4,5.99,Average
199199.01,1388.8,68.4,3.94,Average
281839.85,1855.8,78.0,4.05,Average
181188.93,1419.3,75.0,3.2,Good
476294.91,3426.9,67.5,3.51,Excellent
223675.81,1310.1,37.9,3.37,Average
304122.81,1602.8,25.6,8.55,Poor
316884.04,2091.3,28.6,5.22,Good
252136.85,2227.3,53.9,5.93,Good
296922.7,2210.3,68.2,0.8,Poor
287354.86,1479.2,16.9,6.14,Poor
392089.26,2338.5,56.2,12.09,Good
301483.77,2357.6,61.4,0.98,Good
428223.2,2617.5,30.9,6.34,Average
381571.44,2086.9,36.7,5.87,Excellent
434091.22,2764.7,38.0,13.86,Poor
240128.35,1330.7,27.5,6.14,Good
397340.13,2978.5,74.0,13.49,Excellent
368303.96,2705.0,12.8,12.95,Average
262724.08,2388.9,62.4,12.4,Average
299135.73,2473.7,73.9,11.68,Average
372870.07,2779.4,2.5,1.87,Poor
393801.16,2705.3,7.4,10.27,Poor
247435.7,1568.0,54.7,12.9,Average
471597.67,2860.1,15.2,2.95,Good
260333.38,2327.8,54.9,14.51,Average
327209.49,2894.1,53.6,10.39,Average
424556.44,2436.6,9.4,8.79,Excellent
226282.75,1605.5,50.3,1.5,Excellent
257490.24,1540.3,0.9,6.33,Average
395685.99,2454.4,60.4,10.33,Good
397741.39,2850.3,76.2,4.84,Poor
157026.08,1301.9,39.7,10.42,Average
351818.27,1990.4,68.9,4.29,Average
419726.03,2831.3,32.8,8.71,Good
242737.58,1978.1,59.6,9.23,Poor
471174.39,3267.1,78.1,3.98,Good
331400.43,2599.6,70.8,8.77,Poor
414815.38,2928.1,44.6,10.81,Poor
297319.6,1788.5,10.8,12.03,Average
501135.04,3293.8,29.1,9.53,Average
426200.46,2660.1,4.8,6.01,Excellent
315984.23,2438.3,47.0,0.2,Good
476206.68,2678.9,3.6,0.71,Excellent
347055.31,2392.4,8.8,11.87,Poor
391003.86,3051.5,79.0,8.05,Average
261164.62,2170.2,66.6,13.36,Poor
304597.08,2077.3,52.4,11.13,Good
314715.21,2122.6,8.2,13.6,Good
304857.3,2369.6,35.0,12.17,Good
368809.72,2276.4,4.0,12.2,Good
115038.99,1122.8,43.9,8.11,Poor
408586.88,2896.2,35.4,1.45,Excellent
180166.48,1665.2,60.4,13.05,Average
216465.94,1939.6,0.6,1.83,Poor
289107.79,2016.8,31.7,0.4,Average
421861.72,2691.6,76.7,12.98,Poor
196074.64,961.9,76.3,14.0,Excellent
227783.07,1391.7,43.8,3.53,Excellent
429971.47,3670.1,39.3,3.65,Poor
345071.21,3020.2,49.9,5.36,Poor
469005.12,3265.0,49.0,5.79,Poor
297420.13,2063.9,57.8,11.14,Good
322770.51,2967.1,44.8,2.77,Average
362128.39,2100.2,14.9,0.92,Poor
325389.8,1958.5,72.9,10.71,Average
175256.69,1129.6,47.8,0.27,Average
268031.38,2172.7,25.1,14.03,Good
260956.46,2059.8,3.0,12.13,Excellent
160722.15,885.6,23.3,9.79,Average
198949.35,1642.6,54.1,11.75,Good
289667.25,2043.1,2.7,11.99,Good
323686.42,1527.6,4.5,11.75,Average
326460.43,2670.5,73.7,11.23,Excellent
340436.8,2024.1,49.6,0.62,Excellent
289217.35,2403.9,72.3,12.06,Poor
394994.58,2932.3,52.1,14.99,Average
421143.46,2442.5,78.4,9.29,Excellent
221939.97,1397.5,39.3,6.54,Average
352717.63,2633.4,18.5,10.61,Average
275998.95,1870.8,19.8,12.0,Average
216236.9,1225.1,29.9,3.17,Average
284114.29,2092.5,14.9,13.93,Good
415228.93,2496.7,34.5,12.75,Good
307127.82,2461.6,67.6,5.31,Good
188037.71,1241.2,19.2,11.75,Poor
375142.79,2232.0,39.2,4.05,Average
418175.06,2823.9,23.6,2.6,Poor
170538.51,1815.9,55.3,8.44,Average
344031.9,2227.5,19.0,5.48,Good
363530.97,2262.9,7.5,12.09,Average
326975.14,2327.2,55.6,1.41,Poor
391165.51,2895.9,3.5,6.23,Good
309743.84,2307.5,66.9,6.55,Poor
227138.72,1446.7,72.7,4.31,Excellent
235856.57,1589.3,40.7,13.85,Average
369563.9,2363.5,42.6,14.75,Poor
158115.49,1018.7,30.0,4.02,Poor
337148.16,2224.7,42.1,4.16,Good
225609.12,2276.4,61.0,7.55,Average
366946.35,2522.1,30.8,7.52,Average
250131.04,1978.0,8.6,13.72,Good
364690.37,2266.1,34.8,12.58,Average
249264.59,1777.4,74.5,2.22,Excellent
150410.14,1750.0,66.4,13.49,Excellent
389120.36,2795.9,7.1,1.43,Average
288557.11,1877.2,14.8,11.12,Good
284050.56,2427.2,54.1,11.03,Poor
383808.95,2898.7,77.7,3.43,Average
429148.68,3213.9,17.8,3.91,Excellent
336067.9,3100.8,64.8,4.46,Poor
224699.82,1848.2,42.4,10.38,Good
179929.75,1301.2,67.6,14.72,Poor
299319.29,2038.1,63.1,8.84,Good
272118.09,1933.7,2.8,5.93,Good
300583.73,2174.9,66.8,12.75,Good
279820.76,2055.7,9.1,4.58,Poor
277451.59,2136.7,75.0,3.22,Excellent
169937.21,1105.8,8.1,8.67,Poor
417791.59,2414.5,2.1,13.48,Good
464294.23,3355.0,12.9,11.92,Average
432461.17,3296.3,47.6,6.66,Excellent
381988.3,2582.0,37.7,13.19,Good
409250.65,2649.7,13.1,1.72,Average
223786.54,1747.9,66.4,14.2,Good
331747.47,1938.4,40.3,0.65,Good
523119.24,3567.1,15.8,9.13,Good
272283.05,2416.6,5.6,2.5,Excellent
375455.96,3001.6,37.0,14.08,Average
397054.2,2281.0,34.1,11.34,Good
320138.15,2566.7,20.7,13.93,Average
417233.17,2700.3,61.9,12.71,Good
366383.61,2622.6,41.9,6.08,Poor
250519.41,1582.3,76.0,8.78,Excellent
324379.87,2079.7,32.6,7.23,Good
448339.35,3534.4,35.4,3.39,Poor
314979.29,2208.5,42.8,7.86,Poor
455503.52,2962.8,26.5,10.46,Average
357324.3,2152.2,24.1,2.51,Excellent
277605.32,1486.4,27.7,3.09,Excellent
316221.09,1723.4,52.1,13.41,Excellent
236334.09,1304.5,45.0,12.68,Average
183041.88,1110.1,29.4,5.6,Average
261649.32,2017.8,19.3,1.63,Good
309703.42,1762.0,12.6,4.49,Good
225756.47,1370.1,21.1,3.94,Poor
257730.67,1731.8,25.3,9.11,Excellent
184152.02,1853.1,76.8,6.91,Average
338722.08,2511.5,15.5,0.63,Excellent
251601.1,2526.5,69.8,9.45,Excellent
393608.71,2287.6,49.1,6.74,Good
450398.69,2822.3,28.6,2.66,Poor
283798.21,2252.7,79.2,7.47,Good
290841.93,2360.0,56.9,1.55,Good
259826.53,1600.5,3.6,3.52,Good
308250.51,1788.8,16.7,11.53,Average
298964.9,2169.2,3.1,3.08,Average
243929.16,1970.9,1.8,13.04,Excellent
422649.27,3278.5,15.8,2.47,Excellent
446914.32,2562.6,28.8,7.06,Average
324326.01,2623.9,46.4,14.29,Average
317565.31,2118.0,66.2,2.23,Excellent
286910.81,2450.8,46.6,14.18,Good
407950.95,3135.4,63.1,9.58,Good
353802.7,1803.9,2.3,7.99,Average
341720.11,2956.1,55.8,1.77,Good
272259.85,1321.1,6.3,11.92,Good
314206.4,2558.2,14.5,14.21,Excellent
432144.92,2822.9,18.2,9.2,Average
355271.64,2812.1,44.6,9.66,Good
452745.26,2782.1,35.4,0.23,Average
176781.26,1341.9,64.3,11.34,Good
209602.67,2008.3,27.9,10.15,Good
411641.05,3189.9,43.2,11.64,Good
437518.42,2855.8,25.2,9.17,Excellent
240887.93,1843.8,19.4,10.52,Excellent
278574.38,1772.0,35.2,9.12,Poor
403607.61,2494.5,18.8,6.91,Good
290581.9,2144.8,61.7,5.0,Excellent
241717.98,2100.5,73.5,1.6,Excellent
204511.18,1776.5,70.6,8.62,Excellent
318201.83,2384.7,30.4,11.36,Poor
500542.77,2717.1,10.5,14.81,Excellent
365899.3,2216.0,21.5,1.94,Poor
363000.14,2636.3,8.8,2.73,Excellent
338219.41,2218.1,8.4,6.16,Good
442965.6,3819.5,68.8,10.23,Average
484469.3,2613.7,28.8,9.98,Poor
430407.21,3048.1,74.5,1.06,Average
155256.39,1224.2,52.1,10.26,Poor
308468.09,1820.5,30.0,4.02,Good
438199.63,2108.1,32.4,12.92,Poor
209443.61,1719.3,54.3,12.9,Average
143396.75,916.7,41.1,11.66,Excellent
299458.89,1990.6,32.7,1.67,Poor
401901.01,3174.3,44.4,7.28,Excellent
367500.47,2479.6,3.6,4.32,Excellent
331563.77,2528.6,59.7,11.94,Excellent
416657.44,2817.9,30.6,4.47,Good
297367.62,2085.1,58.4,8.64,Average
428900.4,2905.5,14.1,2.95,Excellent
225022.87,2269.4,59.4,9.83,Poor
354517.5,2617.6,47.8,13.71,Excellent
261544.28,1612.4,5.6,14.18,Average
284299.9,2249.5,30.3,9.45,Average
318667.13,2450.7,64.3,1.62,Excellent
286534.97,1764.6,74.1,11.86,Good
203312.71,1564.7,65.1,3.14,Average
239860.4,1235.6,30.2,4.15,Average
337463.95,2455.9,48.6,5.92,Good
348514.43,2343.3,46.5,10.58,Good
414357.7,2747.7,41.0,7.79,Good
412096.66,2545.0,1.7,10.54,Average
439020.73,3376.4,49.0,8.29,Average
274421.71,2396.3,76.8,10.12,Good
365138.78,2723.0,8.4,1.12,Poor
385858.79,2421.2,2.9,1.06,Excellent
284685.17,2292.2,5.8,13.45,Poor
304217.86,1931.7,62.4,8.35,Excellent
337616.03,2587.2,49.7,9.07,Poor
277093.37,2250.6,50.7,8.95,Average
91584.07,1588.6,34.5,9.57,Good
242694.27,2309.8,71.5,7.33,Average
198375.2,1563.2,23.5,10.09,Good
370340.28,2321.2,4.6,6.34,Good
312562.7,2864.7,72.4,7.85,Average
322844.76,2641.2,71.5,14.49,Poor
179509.69,1400.7,56.9,11.9,Excellent
168631.21,1321.9,43.8,3.92,Excellent
151092.7,749.9,19.7,1.19,Average
280609.11,1983.2,57.0,12.75,Average
260229.58,2184.2,27.0,8.79,Excellent
237091.73,1100.8,8.4,10.45,Excellent
352592.06,1814.3,13.5,5.36,Excellent
117387.22,1136.7,79.9,9.02,Poor
287652.91,1808.5,1.7,14.91,Average
349978.27,2891.6,76.4,4.19,Average
354380.45,2282.0,50.7,7.16,Poor
391699.38,3160.9,58.6,12.62,Good
313393.1,2610.4,1.7,9.2,Poor
200277.68,1924.7,73.2,4.74,Good
392002.35,3141.9,28.4,14.77,Good
338428.32,2730.2,66.7,13.9,Poor
271994.71,1163.6,35.8,7.51,Average
322595.73,1988.2,15.8,12.09,Average
284147.61,1752.7,61.8,0.63,Average
281896.06,2067.6,49.9,12.31,Average
285829.57,2388.1,65.8,3.21,Excellent
469019.79,2874.1,56.4,0.12,Excellent
327291.08,2358.7,17.2,3.84,Average
266837.15,2023.0,10.3,10.51,Poor
402455.99,2736.9,3.1,5.52,Average
266701.52,2024.0,49.7,3.71,Excellent
337596.37,2579.7,64.9,9.43,Poor
353427.8,2075.9,68.4,6.08,Poor
405522.7,2958.5,5.3,1.61,Good
373598.84,2251.3,16.4,6.42,Good
313776.16,1868.8,14.2,6.56,Average
153991.41,1442.1,79.3,2.77,Poor
317210.72,2276.1,53.2,4.96,Average
336418.83,1905.1,30.3,6.74,Good
422654.61,3014.6,58.5,11.69,Average
367433.65,2578.6,23.1,5.09,Average
263655.64,2357.7,56.9,11.1,Good
272868.63,2013.7,0.2,9.65,Excellent
362512.66,2566.3,46.8,9.0,Good
298357.31,1612.1,4.6,12.66,Poor
184462.31,994.5,24.2,9.94,Average
207188.91,1446.8,39.2,3.12,Poor
259379.8,2249.1,71.2,14.85,Average
505919.99,3473.5,12.2,7.8,Good
415829.82,2849.8,13.8,8.2,Excellent
293591.19,2293.6,47.1,9.27,Excellent
281425.16,2024.1,41.9,4.22,Good
316403.71,2028.3,35.9,14.47,Poor
275394.25,2174.7,27.3,6.83,Average
360688.84,2076.7,35.3,9.83,Poor
356816.98,3036.1,41.6,8.5,Good
285724.5,1200.1,44.3,1.4,Good
353866.54,2868.9,10.3,9.63,Poor
297691.06,1962.5,26.2,13.43,Good
257088.02,1479.0,31.2,10.17,Poor
328405.58,1818.7,41.9,8.15,Good
362385.07,2118.6,27.2,2.31,Good
480177.12,3001.1,15.6,11.57,Average
169471.32,1778.5,67.1,11.77,Good
396310.59,3100.9,45.6,7.33,Poor
227353.28,1838.9,67.9,0.72,Average
426918.67,3066.6,65.6,1.89,Excellent
235725.21,2023.2,79.7,9.24,Good
477076.98,3569.8,58.1,14.73,Good
402522.03,2693.4,26.8,9.33,Poor
207488.34,2056.0,11.4,5.24,Poor
442571.57,3250.6,45.3,9.76,Poor
308333.19,2302.0,60.9,7.76,Good
191804.87,1513.7,66.3,9.64,Excellent
291067.56,2021.8,15.0,8.57,Excellent
189958.55,1381.3,52.8,11.19,Poor
271424.82,1452.9,6.2,14.72,Good
338718.87,2781.4,52.2,6.25,Poor
305626.83,2354.8,36.1,1.83,Good
260181.66,1723.1,38.1,11.0,Good
359499.97,2490.7,13.3,6.54,Good
183517.97,1738.1,62.7,8.4,Poor
397099.26,2366.9,43.5,14.13,Good
329815.13,2367.3,30.2,12.97,Excellent
374517.65,2752.6,18.2,6.94,Good
142144.76,646.0,69.6,4.28,Poor
282342.9,2498.1,41.2,4.49,Good
464516.53,3058.0,38.8,10.77,Good
404539.21,3014.2,45.4,14.37,Good
364852.24,2715.7,50.6,2.85,Good
292182.27,2210.5,39.0,4.04,Average
368883.13,2142.1,9.8,3.47,Good
204146.67,1016.5,44.0,7.45,Good
203155.28,1724.8,47.4,12.45,Good
277164.14,1998.2,75.5,14.23,Good
230205.56,1343.9,59.2,12.02,Average
177407.58,1119.8,19.2,5.51,Poor
237566.13,1761.2,21.4,6.84,Poor
110744.53,1221.1,68.5,8.9,Average
338339.05,2110.6,28.9,11.78,Excellent
186544.48,1237.5,49.4,11.37,Good
274046.76,2357.0,58.6,1.22,Excellent
249543.73,1772.1,4.8,13.05,Poor
229886.98,1657.7,31.9,6.9,Excellent
309034.53,2039.6,56.7,1.37,Excellent
273680.61,1900.1,76.6,4.77,Average
304312.12,2320.8,10.2,13.56,Good
309212.03,2061.8,5.9,14.56,Average
310226.18,2082.5,79.1,11.62,Good
215853.63,1859.8,64.4,13.83,Poor
206058.88,1741.1,62.6,6.87,Poor
421211.83,2397.3,0.4,9.0,Poor
216944.1,1931.1,70.4,3.14,Excellent
69323.76,821.4,77.0,10.47,Average
289877.0,2011.2,22.4,5.9,Poor
249796.03,1977.4,56.9,11.24,Poor
392118.33,2699.8,62.4,10.68,Poor
436280.69,3104.7,19.9,12.42,Good
497872.09,3691.5,69.4,4.35,Excellent
153083.03,1850.7,76.4,5.72,Average
454489.44,2653.6,17.1,3.54,Excellent
296503.66,2642.4,62.0,11.05,Good
152422.31,1111.5,58.8,1.36,Poor
149551.96,996.8,79.9,2.39,Good
183006.29,939.8,4.4,3.62,Poor
258502.32,2237.6,29.1,9.22,Good
236776.25,1793.0,53.9,10.26,Average
368200.92,2969.0,55.6,8.83,Good
329592.91,1945.6,8.9,8.4,Excellent
437654.93,3033.3,67.1,7.31,Excellent
380782.85,2573.4,63.3,5.06,Poor
492423.33,3488.0,20.2,8.7,Poor
232488.97,819.6,20.5,8.99,Good
349608.37,2767.1,77.2,4.22,Good
253952.93,1969.6,11.7,11.0,Excellent
396822.96,2410.1,54.6,5.63,Excellent
429625.53,2567.3,40.0,0.61,Poor
329705.13,1801.9,22.7,1.22,Poor
207921.41,1559.1,32.3,2.85,Good
446045.15,3109.3,79.1,5.03,Excellent
343316.74,2485.6,33.3,11.13,Good
430357.76,2872.3,32.9,4.0,Poor
382880.67,3091.5,41.8,8.03,Good
547268.42,3841.9,43.4,0.39,Excellent
342317.84,2427.4,33.1,5.98,Excellent
227069.2,1753.9,54.3,8.61,Excellent
408342.23,2354.7,24.9,7.0,Average
336079.26,2925.1,48.4,8.42,Poor
228858.88,1932.2,1.5,7.57,Excellent
282627.01,1764.3,41.8,6.58,Good
212303.43,982.2,8.6,12.0,Good
347051.73,2338.7,38.5,2.55,Good
314958.71,2162.6,29.0,9.8,Good
252059.52,1975.4,74.0,14.03,Average
448419.24,2637.8,54.8,5.32,Poor
323501.12,2253.9,69.3,13.18,Excellent
312270.1,2545.7,76.4,9.97,Excellent
487403.73,3977.4,65.5,10.52,Poor
445134.1,2910.7,18.9,8.68,Poor
302337.94,2310.9,43.0,11.35,Average
302104.08,2270.1,55.7,10.28,Good
277432.34,1939.9,46.0,3.82,Excellent
411832.8,2305.8,6.7,4.48,Good
235175.04,1624.3,56.4,6.15,Excellent
257949.45,2262.7,33.0,14.52,Good
270819.66,1161.1,3.7,12.91,Average
361965.08,2841.8,38.6,6.09,Poor
485637.53,3307.2,26.5,2.39,Good
325187.41,1821.3,32.8,4.43,Average
233303.7,1564.9,19.2,13.72,Poor
221928.4,1526.7,49.7,14.39,Good
409442.37,2559.8,66.4,9.96,Excellent
294799.25,2575.2,51.3,5.52,Excellent
422704.91,2789.2,14.7,2.32,Excellent
264334.71,936.0,0.4,4.98,Good
475298.8,3057.8,5.8,3.28,Excellent
284187.27,2069.2,56.0,12.61,Good
359363.53,2851.3,41.0,14.87,Poor
411823.31,3359.4,62.5,5.16,Good
280107.07,1979.3,23.9,10.45,Good
347108.43,2528.6,73.6,12.54,Poor
310062.48,1970.0,40.5,0.42,Excellent
281959.66,2030.2,55.7,6.78,Average
410499.46,3149.1,64.0,12.65,Excellent
299567.22,2066.5,53.3,8.07,Poor
381009.05,2760.6,40.5,0.22,Excellent
412901.21,2614.9,13.8,14.65,Poor
443521.97,3046.8,35.7,13.0,Good
437452.9,3467.5,44.5,9.47,Good
347582.8,2624.1,67.9,5.97,Excellent
371379.16,2838.5,25.9,10.96,Excellent
431688.71,3274.8,68.5,4.42,Poor
407361.13,2555.7,55.9,9.4,Excellent
165355.78,1585.2,74.0,11.15,Average
447647.51,3183.9,15.2,9.13,Good
291265.73,2365.1,42.9,0.25,Good
450302.25,3192.7,3.5,0.24,Excellent
106955.66,492.5,74.7,4.85,Good
410259.04,3148.7,53.2,11.27,Average
406547.78,2614.9,33.6,10.28,Good
310913.01,2247.9,15.5,13.96,Good
376861.81,2826.1,21.2,10.94,Average
436255.42,2961.1,40.1,12.44,Average
376813.51,2731.5,27.7,14.74,Average
367492.47,2755.4,46.5,5.84,Average
196711.47,1689.8,64.7,10.43,Average
204708.1,1505.6,43.5,9.47,Average
180302.88,1181.5,39.0,0.45,Good
439969.3,3033.9,71.6,6.72,Good
322588.62,2024.3,51.0,8.96,Good
301107.52,1912.6,11.1,0.8,Good
387376.88,2259.8,12.3,5.76,Good
268499.08,2692.7,18.7,14.22,Excellent
324056.59,1519.8,11.5,10.68,Poor
367879.43,2249.0,15.2,8.49,Excellent
426485.91,3114.3,15.1,11.91,Poor
298128.16,1837.6,27.8,13.05,Average
481601.36,3582.2,27.9,7.84,Excellent
319418.65,2780.1,77.5,11.47,Good
267337.94,1963.5,54.7,1.96,Average
367899.6,2565.8,47.8,12.71,Excellent
299514.33,2206.6,52.4,7.21,Good
326422.74,2273.4,52.0,14.97,Good
308042.23,2049.2,56.1,2.56,Poor
278490.89,2156.3,69.8,11.9,Excellent
359165.22,2324.0,38.8,4.52,Average
341122.66,1797.8,1.3,9.86,Excellent
350607.34,1992.8,29.8,7.12,Good
397727.72,2892.7,19.3,1.62,Good
296757.87,2128.0,48.5,7.8,Good
451376.24,3543.9,55.8,10.21,Average
369214.38,2690.3,68.5,5.66,Poor
362758.5,2017.2,66.2,8.6,Average
310728.7,2132.3,2.2,9.8,Average
298787.94,1827.1,2.8,14.36,Good
388921.3,2465.4,61.3,0.45,Good
388266.13,2184.7,22.4,7.86,Poor
328274.1,2151.1,45.3,5.48,Excellent
334721.57,2786.0,75.2,2.76,Good
258169.1,1852.0,38.9,7.02,Excellent
323524.77,2027.4,10.2,5.99,Excellent
256600.78,1809.6,46.0,9.67,Poor
396836.0,2164.6,59.0,4.88,Excellent
303433.68,2141.5,62.2,9.36,Excellent
355544.39,2230.6,66.6,2.9,Poor
334106.27,2730.3,26.4,4.37,Average
408117.87,2898.4,78.4,11.61,Average
435867.41,2939.4,30.4,7.53,Poor
193857.41,1531.7,20.7,2.1,Average
318391.06,2539.9,66.1,8.35,Good
293441.72,2184.0,74.9,13.24,Poor
290788.16,2192.5,72.7,14.64,Average
272912.6,1455.1,52.3,2.54,Poor
363532.38,3344.8,72.2,1.07,Poor
225536.05,1417.9,34.7,0.4,Poor
203342.31,2024.6,60.4,8.11,Good
328355.8,2492.9,76.5,7.53,Good
277826.62,2254.4,66.7,4.72,Good
311670.63,1769.0,4.8,14.28,Excellent
369169.11,2713.7,26.8,10.51,Poor
385228.85,3160.6,65.5,12.59,Good
333758.12,1941.9,26.9,14.37,Good
404845.58,2310.6,42.8,0.68,Good
139075.53,1181.9,35.4,5.01,Poor
234392.13,2118.5,78.9,9.14,Average
364279.23,2491.9,11.1,13.87,Average
362566.76,2276.0,21.2,6.94,Good
291622.89,1483.5,3.6,11.5,Good
276394.67,1673.1,46.6,3.91,Good
406026.26,2148.8,1.0,14.28,Average
335072.2,2109.2,21.6,1.38,Average
437809.33,2399.0,13.0,0.23,Excellent
429700.12,2414.5,33.5,10.81,Average
297432.31,2094.3,78.7,11.95,Poor
203255.19,1577.0,75.3,12.23,Average
369815.89,2732.8,18.8,4.61,Poor
394047.92,2726.8,47.0,5.24,Good
322190.48,2255.0,49.1,4.72,Good
413484.77,2449.7,33.4,3.61,Excellent
356850.48,2548.1,60.6,13.92,Excellent
507671.45,3893.2,48.0,13.59,Poor
455313.09,2781.0,11.3,2.94,Poor
275873.07,2219.1,27.2,12.42,Excellent
318483.47,1426.9,52.8,5.75,Good
246655.48,1702.9,43.2,7.09,Poor
365609.97,2128.9,34.8,7.29,Excellent
230792.13,2023.1,31.8,3.15,Good
332886.28,2028.4,34.4,2.5,Average
304856.62,2349.5,31.4,13.68,Good
232243.4,2013.8,70.6,7.36,Good
402868.76,2783.9,35.7,4.72,Poor
319195.46,1801.2,36.5,10.2,Excellent
392356.93,3273.7,74.9,7.53,Good
576289.58,3849.0,46.5,10.82,Good
373884.17,1917.0,2.0,6.26,Average
262418.14,1824.1,40.7,7.4,Good
360645.95,2728.4,26.7,12.42,Excellent
379731.44,2740.8,10.3,2.97,Good
266098.4,2531.8,76.2,3.08,Average
458521.18,2733.4,23.5,4.4,Poor
272118.16,1452.9,18.4,3.56,Good
187846.25,1807.6,66.6,12.52,Good
280463.15,2546.2,57.7,7.65,Good
363451.86,2391.5,22.2,7.5,Average
372652.8,2395.2,71.3,3.71,Poor
325127.37,2145.0,69.9,3.19,Good
241117.49,1333.4,18.0,11.31,Poor
346053.52,2021.0,13.8,2.87,Excellent
351507.34,3104.3,35.0,6.02,Poor
276095.55,1896.8,30.0,2.18,Good
367278.14,2797.8,65.0,6.45,Good
253956.78,1943.6,78.2,6.82,Excellent
292170.73,2783.4,61.5,14.89,Excellent
437135.4,3129.9,32.4,1.97,Average
288329.07,1713.7,32.3,5.81,Good
247395.82,2579.9,67.2,2.72,Excellent
160842.17,1072.4,34.1,5.27,Poor
271899.44,1540.4,50.5,1.69,Poor
290100.33,2181.0,61.7,13.62,Average
399780.51,2580.5,42.3,3.24,Good
315511.78,2217.1,12.6,11.32,Excellent
325204.86,2363.1,27.4,11.02,Average
273327.54,2566.1,53.9,11.68,Good
399301.32,2268.0,8.7,4.32,Poor
409803.0,2576.6,21.1,2.58,Good
380891.29,2844.8,69.4,10.94,Poor
278424.46,2054.2,8.3,0.87,Average
272746.63,1433.4,44.0,12.36,Poor
259439.07,1525.9,47.1,4.75,Average
296975.39,1857.8,53.2,6.25,Average
241851.17,1049.6,44.7,8.12,Good
417303.66,2589.2,61.9,14.17,Excellent
362289.05,3032.1,71.4,7.68,Average
246042.89,1823.4,38.9,11.35,Excellent
180866.61,1518.6,58.5,11.49,Average
361842.67,3266.1,51.5,8.52,Average
299548.2,2155.7,27.1,9.86,Poor
260915.38,2315.0,60.6,6.94,Poor
429850.63,2661.4,35.3,5.82,Poor
352222.22,2237.6,43.7,7.43,Average
322011.15,2189.0,33.0,6.92,Poor
304634.16,2517.8,13.9,6.47,Good
271313.61,2113.3,65.5,9.92,Poor
309479.47,1958.1,72.7,7.95,Average
212229.83,1519.3,25.6,0.35,Good
253246.92,2339.7,78.0,7.45,Excellent
238768.02,1584.4,31.7,8.62,Good
227756.26,1892.9,76.0,10.41,Average
515119.34,3390.6,23.2,12.82,Poor
247963.77,1820.3,77.8,0.31,Excellent
407964.36,3481.6,68.3,14.95,Poor
364528.98,2653.2,79.8,2.24,Excellent
379598.21,3006.4,65.9,4.86,Excellent
366596.24,2509.3,23.6,4.24,Poor
198492.03,1197.3,47.3,1.68,Excellent
333556.45,2129.6,74.0,6.64,Good
259065.12,1392.2,21.9,4.38,Average
261891.71,1842.7,2.6,5.95,Good
474850.38,3146.7,20.2,3.47,Good
342288.88,2149.3,55.3,2.26,Good
272033.6,1633.7,34.9,14.73,Poor
297796.86,2219.6,28.5,7.91,Average
357119.16,2206.8,9.3,2.64,Average
350687.4,2601.5,62.9,10.1,Good
463082.26,2923.2,21.3,6.44,Good
177129.91,1539.8,54.9,1.03,Excellent
258704.58,1694.9,42.8,12.73,Good
209777.93,1276.6,67.6,3.98,Average
418552.99,3028.8,10.5,3.09,Average
517072.21,3622.5,18.7,10.5,Average
254583.71,1975.7,24.5,8.58,Excellent
248889.56,2102.6,78.3,11.27,Average
238298.01,2037.4,31.1,13.67,Poor
232792.94,2044.6,56.2,0.15,Average
317933.4,1994.8,60.9,5.01,Average
339232.01,2351.6,75.1,8.46,Average
315735.67,2527.6,59.5,14.46,Poor
390540.32,2769.9,29.1,12.57,Average
346261.27,2038.3,5.1,4.63,Average
391151.79,2583.5,60.4,5.82,Poor
282598.21,1567.7,33.8,2.25,Average
284323.13,1850.2,52.9,6.08,Average
348614.51,2962.2,28.1,6.65,Average
200089.36,1479.8,60.6,6.34,Poor
279123.14,1380.0,12.1,13.9,Poor
294655.21,1607.5,7.3,13.75,Excellent
304867.41,2034.3,63.0,5.15,Poor
398343.08,2638.4,35.7,2.61,Poor
269277.43,2161.3,30.5,4.42,Good
418347.76,3109.6,28.6,7.25,Good
387987.17,2731.0,44.1,14.83,Poor
391365.56,2363.2,47.6,8.28,Average
452580.68,3073.1,52.3,6.53,Excellent
315838.95,1982.4,60.2,7.47,Average
154295.52,704.9,28.6,9.22,Good
377588.38,2557.7,6.7,2.35,Excellent
284131.09,2188.4,27.6,12.93,Excellent
424156.34,3364.2,46.5,3.03,Average
351207.88,3073.4,49.3,3.18,Good
263635.39,2349.4,70.0,9.05,Poor
216344.65,1797.2,67.8,0.15,Good
452197.79,3332.8,39.8,14.43,Good
310807.02,2366.2,3.9,2.11,Excellent
425491.87,3511.6,42.3,13.94,Good
271500.03,2071.2,70.0,6.24,Poor
316085.55,1720.7,9.1,2.9,Poor
380881.33,2888.3,38.2,9.78,Poor
299745.86,2134.4,63.1,8.19,Good
336596.2,2231.6,40.7,7.3,Poor
363142.59,3264.2,75.2,13.65,Average
358193.7,2215.7,72.5,0.13,Poor
171931.49,2122.5,77.4,10.72,Average
229936.32,2238.0,54.1,4.94,Excellent
294831.78,1875.1,13.7,10.17,Average
278092.98,2071.6,4.9,3.39,Good
328456.17,2285.7,0.0,14.71,Good
331189.13,2349.9,44.4,12.61,Good
328206.93,2138.8,70.3,9.45,Average
116872.32,876.8,71.6,10.57,Poor
277783.64,2304.2,38.3,7.14,Good
558724.23,4366.0,79.3,9.84,Excellent
365808.68,2202.6,52.9,0.2,Poor
308537.19,2249.8,70.1,13.11,Excellent
444849.07,2337.3,20.5,9.4,Poor
357123.92,2825.8,37.4,9.37,Excellent
413394.23,3197.8,36.6,9.88,Excellent
336120.85,2169.6,55.2,5.58,Good
416355.03,2845.5,53.6,0.56,Good
269091.22,2091.7,76.5,10.69,Good
251537.77,1749.1,0.4,0.6,Average
390952.54,2849.4,2.6,6.88,Average
333794.92,2227.9,62.4,3.56,Good
358983.43,2427.1,39.8,0.59,Good
460402.83,3453.6,43.3,13.76,Poor
327283.87,2462.1,22.7,7.34,Good
108976.57,1224.9,9.6,11.55,Good
500099.44,2862.6,4.9,10.03,Good
261769.73,1465.7,19.7,1.84,Good
235587.85,1763.6,8.3,12.99,Good
366743.56,2821.2,46.2,5.0,Excellent
296815.3,1841.4,12.8,5.65,Average
317615.63,2256.1,14.8,10.57,Poor
288322.32,1937.0,54.2,10.92,Average
360106.32,3118.6,72.5,2.53,Excellent
320847.79,2019.9,1.8,9.5,Poor
424976.92,2663.7,3.5,6.88,Poor
279766.22,1610.2,1.5,10.81,Poor
438976.15,3069.1,41.4,2.36,Poor
356787.07,2783.1,74.0,13.98,Good
387422.8,2651.4,1.3,10.24,Excellent
329022.11,2212.1,43.4,2.67,Excellent
296430.8,2316.0,42.5,0.32,Excellent
380344.13,3054.3,39.0,14.63,Good
349862.48,2314.1,35.3,6.02,Average
145700.66,1583.2,52.8,7.75,Poor
338704.83,2257.1,74.7,4.21,Good
252146.91,1647.1,3.4,12.91,Average
334022.59,2376.1,43.7,11.21,Poor
164189.08,1299.0,34.7,10.79,Good
291217.3,2398.0,14.7,12.8,Excellent
342659.32,2734.9,52.3,9.67,Excellent
385809.96,2832.8,7.9,5.93,Excellent
382146.52,2685.2,20.4,12.51,Average
331351.6,2281.1,32.3,1.72,Poor
472452.02,2823.5,80.0,8.82,Average
188113.1,2530.3,77.0,1.72,Excellent
464120.6,2752.5,19.9,4.56,Poor
170814.62,1688.5,67.1,12.28,Good
323726.62,1847.5,72.9,4.99,Good
226681.23,1373.0,56.1,6.17,Poor
271767.64,2541.1,73.6,10.02,Good
397278.76,2841.5,40.2,0.34,Average
452374.01,3151.8,16.3,9.27,Good
165323.28,1408.9,47.1,2.71,Good
502439.35,3338.0,15.4,3.97,Excellent
305721.5,1788.3,2.9,11.88,Poor
225543.95,1196.9,34.6,11.03,Average
398014.1,2745.4,1.2,0.8,Excellent
254709.29,2349.0,40.1,12.82,Average
113299.79,1167.5,68.9,6.01,Excellent
215536.07,1297.8,18.1,6.95,Good
255057.56,1793.0,21.8,4.04,Average
145737.51,1273.0,79.8,6.45,Excellent
358696.8,2144.9,72.8,3.31,Excellent
510625.26,3635.0,51.5,1.32,Poor
539199.73,3583.5,42.7,11.76,Excellent
114317.31,1367.9,62.2,10.49,Good
304534.65,2360.0,52.9,0.73,Excellent
315653.0,2152.2,17.2,4.4,Poor
203584.99,1068.7,46.0,13.4,Poor
187202.13,1403.4,59.9,12.92,Good
232574.14,1618.8,43.0,9.12,Good
203306.03,1373.7,12.4,4.12,Poor
331947.72,2740.3,17.5,10.95,Average
235949.92,1443.1,9.4,12.07,Poor
393121.94,1856.3,12.6,5.49,Average
310194.47,2999.1,68.6,3.72,Good
355818.23,1854.1,11.3,8.45,Average
390940.94,2251.0,37.4,14.3,Excellent
367462.33,2199.8,26.7,8.0,Excellent
240513.35,2150.1,60.4,4.95,Excellent
404138.63,2416.5,0.2,9.98,Average
234065.4,1518.5,23.9,12.79,Good
429135.58,3332.8,15.3,1.75,Poor
172640.09,1260.2,4.7,12.97,Average
249585.33,2372.0,44.6,3.88,Poor
169931.37,1935.3,71.0,13.33,Good
329523.12,2587.9,74.0,6.0,Average
373245.78,2494.8,11.4,13.1,Excellent
254750.24,1886.5,20.2,10.82,Good
147381.74,1299.0,54.1,6.53,Good
378847.44,2809.0,33.6,7.38,Average
243103.09,1632.1,4.5,10.01,Excellent
239807.97,1254.3,26.4,1.14,Good
338720.36,1615.7,6.4,5.71,Average
265060.81,2423.5,72.6,11.83,Poor
263187.17,1687.0,66.3,6.92,Poor
408090.14,3133.4,38.8,0.43,Average
354691.75,2181.1,8.8,2.41,Good
274718.77,1786.3,10.5,2.7,Average
375563.13,2377.9,14.1,8.98,Good
248050.72,2306.8,59.0,8.11,Good
328367.91,2407.6,9.9,6.92,Excellent
539847.9,3238.9,12.7,1.34,Excellent
257236.44,1788.9,54.7,2.1,Good
396855.02,2219.8,23.0,1.28,Poor
256622.27,2205.1,63.0,2.87,Excellent
430950.89,2587.6,39.2,4.9,Average
299219.64,1602.7,8.4,6.49,Excellent
181080.54,1387.9,63.5,5.47,Good
61231.93,562.8,35.6,13.41,Average
479752.14,2932.2,27.6,12.1,Poor
177701.94,1017.1,24.3,1.28,Excellent
332606.47,2384.1,18.2,10.55,Excellent
413329.25,2409.1,8.4,13.36,Excellent
386434.63,2244.1,65.5,4.61,Poor
308624.48,1795.5,27.0,4.51,Average
467199.97,3256.3,19.6,3.47,Poor
290304.27,2084.6,17.1,8.02,Average
168985.0,1074.4,3.3,13.63,Average
316573.51,2189.1,22.4,8.44,Poor
361752.61,2493.6,56.5,6.28,Good
333709.37,1965.0,1.2,14.03,Good
373180.17,2931.3,52.0,3.41,Good
323265.44,2680.3,30.0,14.09,Poor
394960.41,2451.4,11.7,6.96,Good
127335.95,1198.3,9.9,5.04,Excellent
403143.64,3008.9,11.8,12.82,Excellent
440146.99,2704.0,45.1,9.26,Average
321169.95,2973.2,54.8,8.3,Average
313081.69,2448.8,53.3,3.93,Excellent
333793.47,2092.7,78.9,10.87,Average
373564.61,2671.5,10.4,9.86,Good
471153.31,2732.1,4.8,0.49,Average
395689.98,2361.3,52.7,9.51,Excellent
321539.45,2250.6,26.1,13.26,Good
229859.51,1636.2,22.2,14.12,Excellent
199531.87,1478.9,63.2,12.36,Poor
389368.45,2744.4,4.1,10.49,Excellent
380314.99,2512.3,8.7,6.18,Average
230005.36,1765.8,73.6,6.57,Average
360943.75,2021.1,16.6,5.48,Poor
194390.17,1263.3,78.5,13.47,Excellent
